ORDERNUMBER,QUANTITYORDERED,PRICEEACH,ORDERLINENUMBER,SALES,ORDERDATE,STATUS,QTR_ID,MONTH_ID,YEAR_ID,PRODUCTLINE,MSRP,PRODUCTCODE,CUSTOMERNAME,PHONE,ADDRESSLINE1,ADDRESSLINE2,CITY,STATE,POSTALCODE,COUNTRY,TERRITORY,CONTACTLASTNAME,CONTACTFIRSTNAME,DEALSIZE,data_received_at
10107,30,95.7,2,2871.0,2/24/2003 0:00,Shipped,1,2,2003,Motorcycles,95,S10_1678,Land of Toys Inc.,2125557818,897 Long Airport Avenue,,NYC,NY,10022,USA,,Yu,Kwai,Small,2024-08-10 19:52:31.477228
10145,45,83.26,6,3746.7,8/25/2003 0:00,Shipped,3,8,2003,Motorcycles,95,S10_1678,Toys4GrownUps.com,6265557265,78934 Hillside Dr.,,Pasadena,CA,90003,USA,,Young,Julie,Medium,2024-08-10 19:52:31.477228
10159,49,100.0,14,5205.27,10/10/2003 0:00,Shipped,4,10,2003,Motorcycles,95,S10_1678,Corporate Gift Ideas Co.,6505551386,7734 Strong St.,,San Francisco,CA,,USA,,Brown,Julie,Medium,2024-08-10 19:52:31.477228
10168,36,96.66,1,3479.76,10/28/2003 0:00,Shipped,4,10,2003,Motorcycles,95,S10_1678,Technics Stores Inc.,6505556809,9408 Furth Circle,,Burlingame,CA,94217,USA,,Hirano,Juri,Medium,2024-08-10 19:52:31.477228
10201,22,98.57,2,2168.54,12/1/2003 0:00,Shipped,4,12,2003,Motorcycles,95,S10_1678,Mini Wheels Co.,6505555787,5557 North Pendale Street,,San Francisco,CA,,USA,,Murphy,Julie,Small,2024-08-10 19:52:31.477228
10223,37,100.0,1,3965.66,2/20/2004 0:00,Shipped,1,2,2004,Motorcycles,95,S10_1678,"Australian Collectors, Co.",03 9520 4555,636 St Kilda Road,Level 3,Melbourne,Victoria,3004,Australia,APAC,Ferguson,Peter,Medium,2024-08-10 19:52:31.477228
10237,23,100.0,7,2333.12,4/5/2004 0:00,Shipped,2,4,2004,Motorcycles,95,S10_1678,Vitachrome Inc.,2125551500,2678 Kingston Rd.,Suite 101,NYC,NY,10022,USA,,Frick,Michael,Small,2024-08-10 19:52:31.477228
10251,28,100.0,2,3188.64,5/18/2004 0:00,Shipped,2,5,2004,Motorcycles,95,S10_1678,Tekni Collectables Inc.,2015559350,7476 Moss Rd.,,Newark,NJ,94019,USA,,Brown,William,Medium,2024-08-10 19:52:31.477228
10263,34,100.0,2,3676.76,6/28/2004 0:00,Shipped,2,6,2004,Motorcycles,95,S10_1678,Gift Depot Inc.,2035552570,25593 South Bay Ln.,,Bridgewater,CT,97562,USA,,King,Julie,Medium,2024-08-10 19:52:31.477228
10285,36,100.0,6,4099.68,8/27/2004 0:00,Shipped,3,8,2004,Motorcycles,95,S10_1678,Marta's Replicas Co.,6175558555,39323 Spinnaker Dr.,,Cambridge,MA,51247,USA,,Hernandez,Marta,Medium,2024-08-10 19:52:31.477228
10318,46,94.74,1,4358.04,11/2/2004 0:00,Shipped,4,11,2004,Motorcycles,95,S10_1678,Diecast Classics Inc.,2155551555,7586 Pompton St.,,Allentown,PA,70267,USA,,Yu,Kyung,Medium,2024-08-10 19:52:31.477228
10329,42,100.0,1,4396.14,11/15/2004 0:00,Shipped,4,11,2004,Motorcycles,95,S10_1678,Land of Toys Inc.,2125557818,897 Long Airport Avenue,,NYC,NY,10022,USA,,Yu,Kwai,Medium,2024-08-10 19:52:31.477228
10361,20,72.55,13,1451.0,12/17/2004 0:00,Shipped,4,12,2004,Motorcycles,95,S10_1678,Souveniers And Things Co.,+61 2 9495 8555,"Monitor Money Building, 815 Pacific Hwy",Level 6,Chatswood,NSW,2067,Australia,APAC,Huxley,Adrian,Small,2024-08-10 19:52:31.477228
10388,42,76.36,4,3207.12,3/3/2005 0:00,Shipped,1,3,2005,Motorcycles,95,S10_1678,FunGiftIdeas.com,5085552555,1785 First Street,,New Bedford,MA,50553,USA,,Benitez,Violeta,Medium,2024-08-10 19:52:31.477228
10107,39,99.91,5,3896.49,2/24/2003 0:00,Shipped,1,2,2003,Motorcycles,118,S10_2016,Land of Toys Inc.,2125557818,897 Long Airport Avenue,,NYC,NY,10022,USA,,Yu,Kwai,Medium,2024-08-10 19:52:31.477228
10120,29,96.34,3,2793.86,4/29/2003 0:00,Shipped,2,4,2003,Motorcycles,118,S10_2016,"Australian Collectors, Co.",03 9520 4555,636 St Kilda Road,Level 3,Melbourne,Victoria,3004,Australia,APAC,Ferguson,Peter,Small,2024-08-10 19:52:31.477228
10145,37,100.0,9,5192.95,8/25/2003 0:00,Shipped,3,8,2003,Motorcycles,118,S10_2016,Toys4GrownUps.com,6265557265,78934 Hillside Dr.,,Pasadena,CA,90003,USA,,Young,Julie,Medium,2024-08-10 19:52:31.477228
10159,37,100.0,17,5016.83,10/10/2003 0:00,Shipped,4,10,2003,Motorcycles,118,S10_2016,Corporate Gift Ideas Co.,6505551386,7734 Strong St.,,San Francisco,CA,,USA,,Brown,Julie,Medium,2024-08-10 19:52:31.477228
10168,27,100.0,4,3660.93,10/28/2003 0:00,Shipped,4,10,2003,Motorcycles,118,S10_2016,Technics Stores Inc.,6505556809,9408 Furth Circle,,Burlingame,CA,94217,USA,,Hirano,Juri,Medium,2024-08-10 19:52:31.477228
10201,24,100.0,5,3025.92,12/1/2003 0:00,Shipped,4,12,2003,Motorcycles,118,S10_2016,Mini Wheels Co.,6505555787,5557 North Pendale Street,,San Francisco,CA,,USA,,Murphy,Julie,Medium,2024-08-10 19:52:31.477228
10210,23,100.0,2,3009.09,1/12/2004 0:00,Shipped,1,1,2004,Motorcycles,118,S10_2016,Osaka Souveniers Co.,+81 06 6342 5555,"Dojima Avanza 4F, 1-6-20 Dojima, Kita-ku",,Osaka,Osaka,530-0003,Japan,Japan,Kentary,Mory,Medium,2024-08-10 19:52:31.477228
10223,47,100.0,4,5422.39,2/20/2004 0:00,Shipped,1,2,2004,Motorcycles,118,S10_2016,"Australian Collectors, Co.",03 9520 4555,636 St Kilda Road,Level 3,Melbourne,Victoria,3004,Australia,APAC,Ferguson,Peter,Medium,2024-08-10 19:52:31.477228
10236,22,100.0,1,2852.08,4/3/2004 0:00,Shipped,2,4,2004,Motorcycles,118,S10_2016,Motor Mint Distributors Inc.,2155559857,11328 Douglas Av.,,Philadelphia,PA,71270,USA,,Hernandez,Rosa,Small,2024-08-10 19:52:31.477228
10251,44,100.0,5,5756.52,5/18/2004 0:00,Shipped,2,5,2004,Motorcycles,118,S10_2016,Tekni Collectables Inc.,2015559350,7476 Moss Rd.,,Newark,NJ,94019,USA,,Brown,William,Medium,2024-08-10 19:52:31.477228
10263,40,100.0,5,4472.0,6/28/2004 0:00,Shipped,2,6,2004,Motorcycles,118,S10_2016,Gift Depot Inc.,2035552570,25593 South Bay Ln.,,Bridgewater,CT,97562,USA,,King,Julie,Medium,2024-08-10 19:52:31.477228
10285,47,100.0,9,6484.59,8/27/2004 0:00,Shipped,3,8,2004,Motorcycles,118,S10_2016,Marta's Replicas Co.,6175558555,39323 Spinnaker Dr.,,Cambridge,MA,51247,USA,,Hernandez,Marta,Medium,2024-08-10 19:52:31.477228
10308,34,100.0,2,4043.96,10/15/2004 0:00,Shipped,4,10,2004,Motorcycles,118,S10_2016,Mini Classics,9145554562,3758 North Pendale Street,,White Plains,NY,24067,USA,,Frick,Steve,Medium,2024-08-10 19:52:31.477228
10318,45,100.0,4,5566.5,11/2/2004 0:00,Shipped,4,11,2004,Motorcycles,118,S10_2016,Diecast Classics Inc.,2155551555,7586 Pompton St.,,Allentown,PA,70267,USA,,Yu,Kyung,Medium,2024-08-10 19:52:31.477228
10329,20,100.0,2,3176.0,11/15/2004 0:00,Shipped,4,11,2004,Motorcycles,118,S10_2016,Land of Toys Inc.,2125557818,897 Long Airport Avenue,,NYC,NY,10022,USA,,Yu,Kwai,Medium,2024-08-10 19:52:31.477228
10339,40,68.92,4,2756.8,11/23/2004 0:00,Shipped,4,11,2004,Motorcycles,118,S10_2016,"Tokyo Collectables, Ltd",+81 3 3584 0555,2-2-8 Roppongi,,Minato-ku,Tokyo,106-0032,Japan,Japan,Shimamura,Akiko,Small,2024-08-10 19:52:31.477228
10361,26,51.15,8,1329.9,12/17/2004 0:00,Shipped,4,12,2004,Motorcycles,118,S10_2016,Souveniers And Things Co.,+61 2 9495 8555,"Monitor Money Building, 815 Pacific Hwy",Level 6,Chatswood,NSW,2067,Australia,APAC,Huxley,Adrian,Small,2024-08-10 19:52:31.477228
10374,39,100.0,5,5288.01,2/2/2005 0:00,Shipped,1,2,2005,Motorcycles,118,S10_2016,"Australian Gift Network, Co",61-7-3844-6555,31 Duncan St. West End,,South Brisbane,Queensland,4101,Australia,APAC,Calaghan,Tony,Medium,2024-08-10 19:52:31.477228
10388,50,44.51,5,2225.5,3/3/2005 0:00,Shipped,1,3,2005,Motorcycles,118,S10_2016,FunGiftIdeas.com,5085552555,1785 First Street,,New Bedford,MA,50553,USA,,Benitez,Violeta,Small,2024-08-10 19:52:31.477228
10107,27,100.0,4,6065.55,2/24/2003 0:00,Shipped,1,2,2003,Motorcycles,193,S10_4698,Land of Toys Inc.,2125557818,897 Long Airport Avenue,,NYC,NY,10022,USA,,Yu,Kwai,Medium,2024-08-10 19:52:31.477228
10120,46,100.0,2,9264.86,4/29/2003 0:00,Shipped,2,4,2003,Motorcycles,193,S10_4698,"Australian Collectors, Co.",03 9520 4555,636 St Kilda Road,Level 3,Melbourne,Victoria,3004,Australia,APAC,Ferguson,Peter,Large,2024-08-10 19:52:31.477228
10145,33,100.0,8,5176.38,8/25/2003 0:00,Shipped,3,8,2003,Motorcycles,193,S10_4698,Toys4GrownUps.com,6265557265,78934 Hillside Dr.,,Pasadena,CA,90003,USA,,Young,Julie,Medium,2024-08-10 19:52:31.477228
10159,22,100.0,16,4132.7,10/10/2003 0:00,Shipped,4,10,2003,Motorcycles,193,S10_4698,Corporate Gift Ideas Co.,6505551386,7734 Strong St.,,San Francisco,CA,,USA,,Brown,Julie,Medium,2024-08-10 19:52:31.477228
10168,20,100.0,3,4183.0,10/28/2003 0:00,Shipped,4,10,2003,Motorcycles,193,S10_4698,Technics Stores Inc.,6505556809,9408 Furth Circle,,Burlingame,CA,94217,USA,,Hirano,Juri,Medium,2024-08-10 19:52:31.477228
10201,49,100.0,4,8065.89,12/1/2003 0:00,Shipped,4,12,2003,Motorcycles,193,S10_4698,Mini Wheels Co.,6505555787,5557 North Pendale Street,,San Francisco,CA,,USA,,Murphy,Julie,Large,2024-08-10 19:52:31.477228
10210,34,100.0,1,6123.4,1/12/2004 0:00,Shipped,1,1,2004,Motorcycles,193,S10_4698,Osaka Souveniers Co.,+81 06 6342 5555,"Dojima Avanza 4F, 1-6-20 Dojima, Kita-ku",,Osaka,Osaka,530-0003,Japan,Japan,Kentary,Mory,Medium,2024-08-10 19:52:31.477228
10223,49,100.0,3,9774.03,2/20/2004 0:00,Shipped,1,2,2004,Motorcycles,193,S10_4698,"Australian Collectors, Co.",03 9520 4555,636 St Kilda Road,Level 3,Melbourne,Victoria,3004,Australia,APAC,Ferguson,Peter,Large,2024-08-10 19:52:31.477228
10237,39,100.0,9,7023.9,4/5/2004 0:00,Shipped,2,4,2004,Motorcycles,193,S10_4698,Vitachrome Inc.,2125551500,2678 Kingston Rd.,Suite 101,NYC,NY,10022,USA,,Frick,Michael,Large,2024-08-10 19:52:31.477228
10251,43,100.0,4,7078.23,5/18/2004 0:00,Shipped,2,5,2004,Motorcycles,193,S10_4698,Tekni Collectables Inc.,2015559350,7476 Moss Rd.,,Newark,NJ,94019,USA,,Brown,William,Large,2024-08-10 19:52:31.477228
10263,41,100.0,4,8336.94,6/28/2004 0:00,Shipped,2,6,2004,Motorcycles,193,S10_4698,Gift Depot Inc.,2035552570,25593 South Bay Ln.,,Bridgewater,CT,97562,USA,,King,Julie,Large,2024-08-10 19:52:31.477228
10285,27,100.0,8,5438.07,8/27/2004 0:00,Shipped,3,8,2004,Motorcycles,193,S10_4698,Marta's Replicas Co.,6175558555,39323 Spinnaker Dr.,,Cambridge,MA,51247,USA,,Hernandez,Marta,Medium,2024-08-10 19:52:31.477228
10308,20,100.0,1,4570.4,10/15/2004 0:00,Shipped,4,10,2004,Motorcycles,193,S10_4698,Mini Classics,9145554562,3758 North Pendale Street,,White Plains,NY,24067,USA,,Frick,Steve,Medium,2024-08-10 19:52:31.477228
10318,37,100.0,3,7667.14,11/2/2004 0:00,Shipped,4,11,2004,Motorcycles,193,S10_4698,Diecast Classics Inc.,2155551555,7586 Pompton St.,,Allentown,PA,70267,USA,,Yu,Kyung,Large,2024-08-10 19:52:31.477228
10329,26,100.0,3,5868.2,11/15/2004 0:00,Shipped,4,11,2004,Motorcycles,193,S10_4698,Land of Toys Inc.,2125557818,897 Long Airport Avenue,,NYC,NY,10022,USA,,Yu,Kwai,Medium,2024-08-10 19:52:31.477228
10339,39,76.67,3,2990.13,11/23/2004 0:00,Shipped,4,11,2004,Motorcycles,193,S10_4698,"Tokyo Collectables, Ltd",+81 3 3584 0555,2-2-8 Roppongi,,Minato-ku,Tokyo,106-0032,Japan,Japan,Shimamura,Akiko,Small,2024-08-10 19:52:31.477228
10362,22,100.0,4,3664.1,1/5/2005 0:00,Shipped,1,1,2005,Motorcycles,193,S10_4698,Technics Stores Inc.,6505556809,9408 Furth Circle,,Burlingame,CA,94217,USA,,Hirano,Juri,Medium,2024-08-10 19:52:31.477228
10374,22,100.0,1,3834.38,2/2/2005 0:00,Shipped,1,2,2005,Motorcycles,193,S10_4698,"Australian Gift Network, Co",61-7-3844-6555,31 Duncan St. West End,,South Brisbane,Queensland,4101,Australia,APAC,Calaghan,Tony,Medium,2024-08-10 19:52:31.477228
10388,21,86.77,7,1822.17,3/3/2005 0:00,Shipped,1,3,2005,Motorcycles,193,S10_4698,FunGiftIdeas.com,5085552555,1785 First Street,,New Bedford,MA,50553,USA,,Benitez,Violeta,Small,2024-08-10 19:52:31.477228
10107,21,100.0,1,3036.6,2/24/2003 0:00,Shipped,1,2,2003,Motorcycles,150,S12_2823,Land of Toys Inc.,2125557818,897 Long Airport Avenue,,NYC,NY,10022,USA,,Yu,Kwai,Medium,2024-08-10 19:52:31.477228
10145,49,100.0,5,8339.8,8/25/2003 0:00,Shipped,3,8,2003,Motorcycles,150,S12_2823,Toys4GrownUps.com,6265557265,78934 Hillside Dr.,,Pasadena,CA,90003,USA,,Young,Julie,Large,2024-08-10 19:52:31.477228
10159,38,100.0,13,6238.84,10/10/2003 0:00,Shipped,4,10,2003,Motorcycles,150,S12_2823,Corporate Gift Ideas Co.,6505551386,7734 Strong St.,,San Francisco,CA,,USA,,Brown,Julie,Medium,2024-08-10 19:52:31.477228
10169,35,100.0,13,4639.25,11/4/2003 0:00,Shipped,4,11,2003,Motorcycles,150,S12_2823,"Anna's Decorations, Ltd",02 9936 8555,201 Miller Street,Level 15,North Sydney,NSW,2060,Australia,APAC,O'Hara,Anna,Medium,2024-08-10 19:52:31.477228
10189,28,100.0,1,4512.48,11/18/2003 0:00,Shipped,4,11,2003,Motorcycles,150,S12_2823,Toys4GrownUps.com,6265557265,78934 Hillside Dr.,,Pasadena,CA,90003,USA,,Young,Julie,Medium,2024-08-10 19:52:31.477228
10201,25,100.0,1,4029.0,12/1/2003 0:00,Shipped,4,12,2003,Motorcycles,150,S12_2823,Mini Wheels Co.,6505555787,5557 North Pendale Street,,San Francisco,CA,,USA,,Murphy,Julie,Medium,2024-08-10 19:52:31.477228
10237,32,100.0,6,4193.28,4/5/2004 0:00,Shipped,2,4,2004,Motorcycles,150,S12_2823,Vitachrome Inc.,2125551500,2678 Kingston Rd.,Suite 101,NYC,NY,10022,USA,,Frick,Michael,Medium,2024-08-10 19:52:31.477228
10251,46,100.0,1,7552.28,5/18/2004 0:00,Shipped,2,5,2004,Motorcycles,150,S12_2823,Tekni Collectables Inc.,2015559350,7476 Moss Rd.,,Newark,NJ,94019,USA,,Brown,William,Large,2024-08-10 19:52:31.477228
10263,48,100.0,1,6434.4,6/28/2004 0:00,Shipped,2,6,2004,Motorcycles,150,S12_2823,Gift Depot Inc.,2035552570,25593 South Bay Ln.,,Bridgewater,CT,97562,USA,,King,Julie,Medium,2024-08-10 19:52:31.477228
10276,43,100.0,14,5181.5,8/2/2004 0:00,Shipped,3,8,2004,Motorcycles,150,S12_2823,Online Mini Collectables,6175557555,7635 Spinnaker Dr.,,Brickhaven,MA,58339,USA,,Barajas,Miguel,Medium,2024-08-10 19:52:31.477228
10285,49,100.0,5,6863.92,8/27/2004 0:00,Shipped,3,8,2004,Motorcycles,150,S12_2823,Marta's Replicas Co.,6175558555,39323 Spinnaker Dr.,,Cambridge,MA,51247,USA,,Hernandez,Marta,Medium,2024-08-10 19:52:31.477228
10319,30,100.0,9,4111.8,11/3/2004 0:00,Shipped,4,11,2004,Motorcycles,150,S12_2823,Microscale Inc.,2125551957,5290 North Pendale Street,Suite 200,NYC,NY,10022,USA,,Kuo,Kee,Medium,2024-08-10 19:52:31.477228
10329,24,100.0,6,3542.64,11/15/2004 0:00,Shipped,4,11,2004,Motorcycles,150,S12_2823,Land of Toys Inc.,2125557818,897 Long Airport Avenue,,NYC,NY,10022,USA,,Yu,Kwai,Medium,2024-08-10 19:52:31.477228
10362,22,100.0,1,3877.06,1/5/2005 0:00,Shipped,1,1,2005,Motorcycles,150,S12_2823,Technics Stores Inc.,6505556809,9408 Furth Circle,,Burlingame,CA,94217,USA,,Hirano,Juri,Medium,2024-08-10 19:52:31.477228
10388,44,100.0,6,5951.44,3/3/2005 0:00,Shipped,1,3,2005,Motorcycles,150,S12_2823,FunGiftIdeas.com,5085552555,1785 First Street,,New Bedford,MA,50553,USA,,Benitez,Violeta,Medium,2024-08-10 19:52:31.477228
10107,29,70.87,6,2055.23,2/24/2003 0:00,Shipped,1,2,2003,Motorcycles,60,S18_2625,Land of Toys Inc.,2125557818,897 Long Airport Avenue,,NYC,NY,10022,USA,,Yu,Kwai,Small,2024-08-10 19:52:31.477228
10120,46,58.15,4,2674.9,4/29/2003 0:00,Shipped,2,4,2003,Motorcycles,60,S18_2625,"Australian Collectors, Co.",03 9520 4555,636 St Kilda Road,Level 3,Melbourne,Victoria,3004,Australia,APAC,Ferguson,Peter,Small,2024-08-10 19:52:31.477228
10145,30,49.67,10,1490.1,8/25/2003 0:00,Shipped,3,8,2003,Motorcycles,60,S18_2625,Toys4GrownUps.com,6265557265,78934 Hillside Dr.,,Pasadena,CA,90003,USA,,Young,Julie,Small,2024-08-10 19:52:31.477228
10159,42,51.48,18,2162.16,10/10/2003 0:00,Shipped,4,10,2003,Motorcycles,60,S18_2625,Corporate Gift Ideas Co.,6505551386,7734 Strong St.,,San Francisco,CA,,USA,,Brown,Julie,Small,2024-08-10 19:52:31.477228
10168,46,61.18,5,2814.28,10/28/2003 0:00,Shipped,4,10,2003,Motorcycles,60,S18_2625,Technics Stores Inc.,6505556809,9408 Furth Circle,,Burlingame,CA,94217,USA,,Hirano,Juri,Small,2024-08-10 19:52:31.477228
10201,30,64.81,6,1944.3,12/1/2003 0:00,Shipped,4,12,2003,Motorcycles,60,S18_2625,Mini Wheels Co.,6505555787,5557 North Pendale Street,,San Francisco,CA,,USA,,Murphy,Julie,Small,2024-08-10 19:52:31.477228
10210,40,49.67,3,1986.8,1/12/2004 0:00,Shipped,1,1,2004,Motorcycles,60,S18_2625,Osaka Souveniers Co.,+81 06 6342 5555,"Dojima Avanza 4F, 1-6-20 Dojima, Kita-ku",,Osaka,Osaka,530-0003,Japan,Japan,Kentary,Mory,Small,2024-08-10 19:52:31.477228
10223,28,60.57,5,1695.96,2/20/2004 0:00,Shipped,1,2,2004,Motorcycles,60,S18_2625,"Australian Collectors, Co.",03 9520 4555,636 St Kilda Road,Level 3,Melbourne,Victoria,3004,Australia,APAC,Ferguson,Peter,Small,2024-08-10 19:52:31.477228
10236,23,55.72,2,1281.56,4/3/2004 0:00,Shipped,2,4,2004,Motorcycles,60,S18_2625,Motor Mint Distributors Inc.,2155559857,11328 Douglas Av.,,Philadelphia,PA,71270,USA,,Hernandez,Rosa,Small,2024-08-10 19:52:31.477228
10251,29,61.18,6,1774.22,5/18/2004 0:00,Shipped,2,5,2004,Motorcycles,60,S18_2625,Tekni Collectables Inc.,2015559350,7476 Moss Rd.,,Newark,NJ,94019,USA,,Brown,William,Small,2024-08-10 19:52:31.477228
10263,34,58.75,6,1997.5,6/28/2004 0:00,Shipped,2,6,2004,Motorcycles,60,S18_2625,Gift Depot Inc.,2035552570,25593 South Bay Ln.,,Bridgewater,CT,97562,USA,,King,Julie,Small,2024-08-10 19:52:31.477228
10285,20,49.06,10,981.2,8/27/2004 0:00,Shipped,3,8,2004,Motorcycles,60,S18_2625,Marta's Replicas Co.,6175558555,39323 Spinnaker Dr.,,Cambridge,MA,51247,USA,,Hernandez,Marta,Small,2024-08-10 19:52:31.477228
10308,34,52.09,3,1771.06,10/15/2004 0:00,Shipped,4,10,2004,Motorcycles,60,S18_2625,Mini Classics,9145554562,3758 North Pendale Street,,White Plains,NY,24067,USA,,Frick,Steve,Small,2024-08-10 19:52:31.477228
10318,42,52.7,5,2213.4,11/2/2004 0:00,Shipped,4,11,2004,Motorcycles,60,S18_2625,Diecast Classics Inc.,2155551555,7586 Pompton St.,,Allentown,PA,70267,USA,,Yu,Kyung,Small,2024-08-10 19:52:31.477228
10329,38,100.0,12,5266.04,11/15/2004 0:00,Shipped,4,11,2004,Motorcycles,60,S18_2625,Land of Toys Inc.,2125557818,897 Long Airport Avenue,,NYC,NY,10022,USA,,Yu,Kwai,Medium,2024-08-10 19:52:31.477228
10339,30,62.16,1,1864.8,11/23/2004 0:00,Shipped,4,11,2004,Motorcycles,60,S18_2625,"Tokyo Collectables, Ltd",+81 3 3584 0555,2-2-8 Roppongi,,Minato-ku,Tokyo,106-0032,Japan,Japan,Shimamura,Akiko,Small,2024-08-10 19:52:31.477228
10362,23,49.67,3,1142.41,1/5/2005 0:00,Shipped,1,1,2005,Motorcycles,60,S18_2625,Technics Stores Inc.,6505556809,9408 Furth Circle,,Burlingame,CA,94217,USA,,Hirano,Juri,Small,2024-08-10 19:52:31.477228
10374,22,53.3,4,1172.6,2/2/2005 0:00,Shipped,1,2,2005,Motorcycles,60,S18_2625,"Australian Gift Network, Co",61-7-3844-6555,31 Duncan St. West End,,South Brisbane,Queensland,4101,Australia,APAC,Calaghan,Tony,Small,2024-08-10 19:52:31.477228
10135,45,50.36,13,2266.2,7/2/2003 0:00,Shipped,3,7,2003,Motorcycles,62,S18_3782,Mini Gifts Distributors Ltd.,4155551450,5677 Strong St.,,San Rafael,CA,97562,USA,,Nelson,Valarie,Small,2024-08-10 19:52:31.477228
10146,47,67.14,2,3155.58,9/3/2003 0:00,Shipped,3,9,2003,Motorcycles,62,S18_3782,Gift Ideas Corp.,2035554407,2440 Pompton St.,,Glendale,CT,97561,USA,,Lewis,Dan,Medium,2024-08-10 19:52:31.477228
10159,21,64.66,8,1357.86,10/10/2003 0:00,Shipped,4,10,2003,Motorcycles,62,S18_3782,Corporate Gift Ideas Co.,6505551386,7734 Strong St.,,San Francisco,CA,,USA,,Brown,Julie,Small,2024-08-10 19:52:31.477228
10169,38,68.39,8,2598.82,11/4/2003 0:00,Shipped,4,11,2003,Motorcycles,62,S18_3782,"Anna's Decorations, Ltd",02 9936 8555,201 Miller Street,Level 15,North Sydney,NSW,2060,Australia,APAC,O'Hara,Anna,Small,2024-08-10 19:52:31.477228
10237,26,52.22,1,1357.72,4/5/2004 0:00,Shipped,2,4,2004,Motorcycles,62,S18_3782,Vitachrome Inc.,2125551500,2678 Kingston Rd.,Suite 101,NYC,NY,10022,USA,,Frick,Michael,Small,2024-08-10 19:52:31.477228
10264,48,54.71,3,2626.08,6/30/2004 0:00,Shipped,2,6,2004,Motorcycles,62,S18_3782,Gifts4AllAges.com,6175559555,8616 Spinnaker Dr.,,Boston,MA,51003,USA,,Yoshido,Juri,Small,2024-08-10 19:52:31.477228
10276,33,50.36,9,1661.88,8/2/2004 0:00,Shipped,3,8,2004,Motorcycles,62,S18_3782,Online Mini Collectables,6175557555,7635 Spinnaker Dr.,,Brickhaven,MA,58339,USA,,Barajas,Miguel,Small,2024-08-10 19:52:31.477228
10319,44,59.06,4,2598.64,11/3/2004 0:00,Shipped,4,11,2004,Motorcycles,62,S18_3782,Microscale Inc.,2125551957,5290 North Pendale Street,Suite 200,NYC,NY,10022,USA,,Kuo,Kee,Small,2024-08-10 19:52:31.477228
10342,26,55.95,8,1454.7,11/24/2004 0:00,Shipped,4,11,2004,Motorcycles,62,S18_3782,"Australian Collectors, Co.",03 9520 4555,636 St Kilda Road,Level 3,Melbourne,Victoria,3004,Australia,APAC,Ferguson,Peter,Small,2024-08-10 19:52:31.477228
10390,36,100.0,2,5079.96,3/4/2005 0:00,Shipped,1,3,2005,Motorcycles,62,S18_3782,Mini Gifts Distributors Ltd.,4155551450,5677 Strong St.,,San Rafael,CA,97562,USA,,Nelson,Valarie,Medium,2024-08-10 19:52:31.477228
